District,Population,Healthcare_Facilities,Malaria_Cases,TB_Cases,HIV_Cases,Deaths,Year,Target_Cases,Priority_Level
Kigali,117778,3,3248,112,389,33,1990,4187,Medium
Huye,130995,14,2570,220,222,45,1990,3277,Medium
Musanze,123070,12,2234,232,64,16,1990,2617,Medium
Rubavu,247189,8,2496,256,272,46,1990,2139,Medium
Rusizi,190591,15,1586,195,323,75,1990,1549,Medium
Nyagatare,116675,14,3428,238,179,61,1990,3330,Medium
Rwamagana,111575,11,1644,106,193,104,1990,2007,Medium
Gicumbi,163377,3,5248,207,662,34,1990,5298,High
Nyanza,82187,13,-129,14,416,82,1990,-479,Low
Karongi,125938,13,4090,137,614,43,1990,3852,High
Bugesera,305433,12,3242,79,187,59,1990,3758,Medium
Nyamasheke,281453,14,2680,89,674,76,1990,2433,Medium
Gisagara,99492,14,5118,138,497,64,1990,5874,High
Muhanga,251982,5,3695,26,51,20,1990,4349,High
Ngoma,259197,14,924,110,270,27,1990,1051,Low
Kayonza,146031,9,3547,199,665,32,1990,3150,High
Kirehe,154592,6,3988,333,508,45,1990,3640,High
Rutsiro,200668,11,5227,152,519,96,1990,5064,High
Burera,74867,5,2729,268,368,44,1990,3185,Medium
Ngororero,227835,7,1365,161,174,64,1990,1665,Low
Kamonyi,87458,5,4194,158,600,93,1990,5109,High
Nyabihu,192573,9,2639,308,604,88,1990,2826,Medium
Gakenke,223863,7,954,138,688,74,1990,491,Low
Nyaruguru,156020,11,3071,185,421,7,1990,3877,Medium
Rulindo,226617,9,3324,259,583,26,1990,3107,Medium
Gasabo,187159,4,1653,225,291,76,1990,1811,Medium
Kicukiro,158681,6,2055,66,675,92,1990,1571,Medium
Nyarugenge,194983,11,1032,213,563,15,1990,1928,Low
Ruhango,107906,14,895,102,353,77,1990,1455,Low
Gisagara2,178184,4,855,325,215,73,1990,1054,Low
Kigali,120133,2,2533,85,389,28,1991,3312,Medium
Huye,133615,13,3670,170,64,44,1991,3735,High
Musanze,125532,11,2681,282,130,25,1991,2806,Medium
Rubavu,252132,7,2174,233,219,32,1991,1828,Medium
Rusizi,194403,14,1467,124,216,77,1991,2383,Low
Nyagatare,119008,13,3890,283,70,67,1991,4148,High
Rwamagana,113806,10,812,138,96,97,1991,1139,Low
Gicumbi,166645,2,5043,162,558,30,1991,5227,High
Nyanza,83831,12,-447,78,413,78,1991,-548,Low
Karongi,128457,12,3305,119,687,55,1991,3920,Medium
Bugesera,311542,11,2832,129,129,62,1991,2906,Medium
Nyamasheke,287082,13,2298,109,603,77,1991,2479,Medium
Gisagara,101482,13,4280,84,514,66,1991,4223,High
Muhanga,257022,4,3185,104,11,16,1991,2689,Medium
Ngoma,264381,13,1647,154,222,39,1991,2138,Medium
Kayonza,148952,8,3844,221,548,29,1991,4166,High
Kirehe,157683,5,3048,286,540,55,1991,2917,Medium
Rutsiro,204681,10,3978,164,538,99,1991,3597,High
Burera,76364,4,1830,233,297,33,1991,2827,Medium
Ngororero,232392,6,-223,123,36,69,1991,289,Low
Kamonyi,89208,4,5461,195,674,74,1991,5762,High
Nyabihu,196425,8,2600,289,548,95,1991,3360,Medium
Gakenke,228340,6,2403,80,589,67,1991,2606,Medium
Nyaruguru,159140,10,4312,203,261,2,1991,4911,High
Rulindo,231149,8,3451,177,741,30,1991,4060,Medium
Gasabo,190902,3,1471,190,163,75,1991,1979,Low
Kicukiro,161854,5,609,93,680,87,1991,1020,Low
Nyarugenge,198883,10,54,211,581,8,1991,866,Low
Ruhango,110065,13,1655,97,330,78,1991,2278,Medium
Gisagara2,181748,3,1377,284,307,89,1991,1318,Low
Kigali,122536,2,3172,23,298,40,1992,3187,Medium
Huye,136288,13,3363,176,119,36,1992,3359,Medium
Musanze,128042,11,3007,247,110,23,1992,3196,Medium
Rubavu,257175,7,2561,219,294,49,1992,3511,Medium
Rusizi,198291,14,2614,134,266,70,1992,3554,Medium
Nyagatare,121388,13,3247,309,74,69,1992,3031,Medium
Rwamagana,116082,10,671,51,141,98,1992,1447,Low
Gicumbi,169978,2,4012,190,582,34,1992,4116,High
Nyanza,85508,12,1479,87,495,66,1992,1093,Low
Karongi,131026,12,3268,50,768,58,1992,3866,Medium
Bugesera,317773,11,1867,99,118,47,1992,2784,Medium
Nyamasheke,292823,13,2977,160,697,63,1992,3599,Medium
Gisagara,103512,13,5014,151,556,60,1992,5906,High
Muhanga,262162,4,4291,20,26,7,1992,4663,High
Ngoma,269668,13,2342,103,329,46,1992,2570,Medium
Kayonza,151931,8,4326,140,688,45,1992,4002,High
Kirehe,160837,5,3748,246,585,51,1992,3323,High
Rutsiro,208774,10,3607,205,419,96,1992,3841,High
Burera,77891,4,2407,266,288,43,1992,2050,Medium
Ngororero,237039,6,545,130,112,72,1992,1093,Low
Kamonyi,90992,4,4744,222,605,89,1992,4812,High
Nyabihu,200353,8,2543,294,501,94,1992,2440,Medium
Gakenke,232907,6,1741,84,736,71,1992,1898,Medium
Nyaruguru,162323,10,3592,210,248,9,1992,4045,High
Rulindo,235772,8,3789,178,569,39,1992,4480,High
Gasabo,194720,3,944,170,272,62,1992,472,Low
Kicukiro,165091,5,1704,69,566,83,1992,2592,Medium
Nyarugenge,202861,10,1693,207,550,8,1992,1409,Medium
Ruhango,112266,13,1702,7,265,74,1992,2477,Medium
Gisagara2,185383,3,2014,251,358,82,1992,2719,Medium
Kigali,124987,2,1707,113,319,46,1993,1245,Medium
Huye,139013,13,3473,219,212,47,1993,3726,Medium
Musanze,130603,11,3355,273,174,19,1993,3683,Medium
Rubavu,262319,7,1757,225,134,33,1993,1604,Medium
Rusizi,202257,14,1167,185,312,70,1993,1600,Low
Nyagatare,123816,13,3196,241,89,69,1993,3380,Medium
Rwamagana,118404,10,946,84,107,99,1993,1618,Low
Gicumbi,173377,2,3593,240,665,29,1993,4557,High
Nyanza,87218,12,959,60,454,78,1993,1625,Low
Karongi,133647,12,4090,44,689,43,1993,4245,High
Bugesera,324128,11,1925,120,109,53,1993,2160,Medium
Nyamasheke,298680,13,1868,159,647,72,1993,2799,Medium
Gisagara,105582,13,4110,77,582,59,1993,3699,High
Muhanga,267405,4,4244,65,63,22,1993,4283,High
Ngoma,275062,13,1252,127,408,43,1993,1976,Low
Kayonza,154970,8,3889,211,658,39,1993,4665,High
Kirehe,164054,5,2502,316,511,47,1993,2451,Medium
Rutsiro,212950,10,3352,190,421,100,1993,4126,Medium
Burera,79449,4,1876,219,324,29,1993,1749,Medium
Ngororero,241780,6,749,79,190,71,1993,1101,Low
Kamonyi,92812,4,5102,200,638,90,1993,6086,High
Nyabihu,204360,8,3433,339,564,90,1993,3443,Medium
Gakenke,237565,6,879,100,628,66,1993,854,Low
Nyaruguru,165570,10,3550,229,372,5,1993,3820,High
Rulindo,240487,8,4758,184,615,30,1993,4971,High
Gasabo,198614,3,2256,244,239,74,1993,2212,Medium
Kicukiro,168393,5,2417,32,534,88,1993,2633,Medium
Nyarugenge,206918,10,1632,183,598,18,1993,1619,Medium
Ruhango,114511,13,2201,37,321,76,1993,1854,Medium
Gisagara2,189090,3,825,266,351,73,1993,1654,Low
Kigali,127487,2,1808,87,283,39,1994,1696,Medium
Huye,141794,13,3313,246,96,51,1994,3436,Medium
Musanze,133215,11,2878,262,177,26,1994,3630,Medium
Rubavu,267565,7,1715,200,199,41,1994,1649,Medium
Rusizi,206302,14,1080,160,391,71,1994,1385,Low
Nyagatare,126292,13,3385,333,113,72,1994,3743,Medium
Rwamagana,120772,10,709,102,98,90,1994,1192,Low
Gicumbi,176845,2,4872,185,607,45,1994,4452,High
Nyanza,88962,12,-334,42,537,74,1994,-651,Low
Karongi,136320,12,4076,117,589,60,1994,4559,High
Bugesera,330611,11,1523,97,103,45,1994,1227,Medium
Nyamasheke,304654,13,1210,130,660,75,1994,1470,Low
Gisagara,107694,13,5129,124,540,66,1994,6026,High
Muhanga,272753,4,4508,15,135,12,1994,4907,High
Ngoma,280563,13,2240,111,411,29,1994,2406,Medium
Kayonza,158069,8,3053,159,679,45,1994,3979,Medium
Kirehe,167335,5,3925,239,488,52,1994,3958,High
Rutsiro,217209,10,4771,204,392,87,1994,4503,High
Burera,81038,4,1523,304,251,30,1994,2124,Medium
Ngororero,246616,6,1414,106,168,69,1994,1707,Low
Kamonyi,94668,4,4045,184,673,88,1994,4624,High
Nyabihu,208447,8,1830,304,507,104,1994,2379,Medium
Gakenke,242316,6,1298,80,581,77,1994,2074,Low
Nyaruguru,168881,10,4557,213,286,13,1994,4530,High
Rulindo,245297,8,3325,248,640,27,1994,3189,Medium
Gasabo,202587,3,1440,175,281,79,1994,1970,Low
Kicukiro,171761,5,1542,54,590,90,1994,2339,Medium
Nyarugenge,211056,10,1366,159,520,16,1994,2081,Low
Ruhango,116801,13,2032,31,268,85,1994,2786,Medium
Gisagara2,192872,3,661,322,295,82,1994,697,Low
Kigali,130036,3,1685,35,254,31,1995,2602,Medium
Huye,144630,14,2390,170,150,38,1995,2000,Medium
Musanze,135880,12,3605,249,137,19,1995,4497,High
Rubavu,272916,8,1610,269,175,39,1995,1722,Medium
Rusizi,210428,15,2519,174,225,71,1995,3485,Medium
Nyagatare,128818,14,4031,294,140,63,1995,4931,High
Rwamagana,123188,11,1587,92,196,90,1995,1710,Medium
Gicumbi,180382,3,4029,249,576,35,1995,4287,High
Nyanza,90741,13,432,44,445,69,1995,479,Low
Karongi,139046,13,3571,138,578,42,1995,3538,High
Bugesera,337223,12,3210,138,101,58,1995,3355,Medium
Nyamasheke,310747,14,1202,181,724,62,1995,1548,Low
Gisagara,109847,14,4157,77,486,74,1995,3829,High
Muhanga,278208,5,3896,12,73,8,1995,4119,High
Ngoma,286174,14,745,106,329,38,1995,803,Low
Kayonza,161230,9,2961,217,643,32,1995,2599,Medium
Kirehe,170682,6,3647,334,473,53,1995,3405,High
Rutsiro,221553,11,5039,140,569,92,1995,4799,High
Burera,82659,5,2942,224,377,30,1995,2454,Medium
Ngororero,251548,7,852,63,97,61,1995,1694,Low
Kamonyi,96561,5,5433,210,569,82,1995,5843,High
Nyabihu,212616,9,3424,279,622,104,1995,3241,Medium
Gakenke,247162,7,2474,129,651,71,1995,3134,Medium
Nyaruguru,172259,11,4795,210,274,0,1995,5614,High
Rulindo,250203,9,4641,183,622,33,1995,5013,High
Gasabo,206638,4,2027,175,154,63,1995,2251,Medium
Kicukiro,175196,6,1704,36,566,89,1995,2637,Medium
Nyarugenge,215277,11,410,125,494,14,1995,975,Low
Ruhango,119137,14,466,21,269,76,1995,1284,Low
Gisagara2,196730,4,1191,246,201,89,1995,1112,Low
Kigali,132637,2,3429,45,292,42,1996,3921,Medium
Huye,147522,13,2988,169,233,48,1996,3308,Medium
Musanze,138597,11,3751,266,65,30,1996,3448,High
Rubavu,278375,7,2532,253,268,49,1996,2585,Medium
Rusizi,214637,14,2449,137,310,70,1996,2426,Medium
Nyagatare,131395,13,3310,262,195,63,1996,4274,Medium
Rwamagana,125651,10,1395,66,229,85,1996,2172,Low
Gicumbi,183989,2,3709,241,567,36,1996,3725,High
Nyanza,92556,12,1192,87,502,70,1996,1874,Low
Karongi,141827,12,3466,143,681,60,1996,2980,Medium
Bugesera,343967,11,2635,71,102,58,1996,2458,Medium
Nyamasheke,316962,13,1928,132,675,79,1996,2182,Medium
Gisagara,112044,13,5398,105,486,66,1996,6204,High
Muhanga,283773,4,2641,27,14,14,1996,3012,Medium
Ngoma,291898,13,1070,92,416,41,1996,915,Low
Kayonza,164455,8,3262,139,642,34,1996,3719,Medium
Kirehe,174095,5,3346,323,507,50,1996,3673,Medium
Rutsiro,225984,10,4025,210,491,98,1996,4872,High
Burera,84312,4,2156,251,277,38,1996,2664,Medium
Ngororero,256579,6,264,92,135,69,1996,777,Low
Kamonyi,98493,4,3847,166,592,82,1996,4125,High
Nyabihu,216869,8,2911,242,505,92,1996,3839,Medium
Gakenke,252106,6,1864,115,755,61,1996,1930,Medium
Nyaruguru,175704,10,3212,174,382,14,1996,3680,Medium
Rulindo,255207,8,4630,170,742,34,1996,4704,High
Gasabo,210771,3,1018,186,184,71,1996,903,Low
Kicukiro,178700,5,2442,113,645,92,1996,2581,Medium
Nyarugenge,219583,10,775,180,513,20,1996,1480,Low
Ruhango,121520,13,1041,28,428,88,1996,1250,Low
Gisagara2,200664,3,2100,320,330,87,1996,1884,Medium
Kigali,135290,2,1603,44,383,45,1997,2595,Medium
Huye,150473,13,3396,223,120,54,1997,4280,Medium
Musanze,141369,11,2800,235,144,19,1997,2860,Medium
Rubavu,283942,7,1189,187,274,49,1997,1640,Low
Rusizi,218930,14,1700,184,231,86,1997,1628,Medium
Nyagatare,134023,13,3556,265,175,65,1997,4098,High
Rwamagana,128164,10,292,40,124,103,1997,990,Low
Gicumbi,187669,2,4523,221,614,44,1997,5268,High
Nyanza,94407,12,1235,64,468,68,1997,2022,Low
Karongi,144664,12,3576,98,675,43,1997,3875,High
Bugesera,350847,11,2232,137,207,45,1997,3135,Medium
Nyamasheke,323301,13,1171,142,577,78,1997,2085,Low
Gisagara,114285,13,4815,77,525,58,1997,4757,High
Muhanga,289448,4,4363,79,57,19,1997,5115,High
Ngoma,297736,13,1099,137,313,41,1997,1886,Low
Kayonza,167744,8,4402,162,597,40,1997,5213,High
Kirehe,177577,5,3256,280,540,46,1997,2920,Medium
Rutsiro,230504,10,3524,219,533,98,1997,3030,High
Burera,85998,4,1329,221,366,47,1997,2233,Low
Ngororero,261711,6,575,97,42,78,1997,588,Low
Kamonyi,100462,4,5717,184,749,93,1997,5962,High
Nyabihu,221206,8,2503,243,654,99,1997,2263,Medium
Gakenke,257148,6,1299,117,710,62,1997,1875,Low
Nyaruguru,179218,10,3781,233,325,11,1997,4584,High
Rulindo,260311,8,3890,235,720,39,1997,3517,High
Gasabo,214987,3,1510,242,208,79,1997,2242,Medium
Kicukiro,182274,5,1041,40,523,77,1997,777,Low
Nyarugenge,223975,10,1141,194,427,12,1997,1134,Low
Ruhango,123951,13,381,29,415,81,1997,490,Low
Gisagara2,204678,3,2326,269,244,76,1997,2995,Medium
Kigali,137996,2,1668,107,271,31,1998,1208,Medium
Huye,153482,13,3257,186,56,39,1998,3933,Medium
Musanze,144197,11,3109,291,113,21,1998,2950,Medium
Rubavu,289621,7,889,243,164,36,1998,1119,Low
Rusizi,223308,14,1145,220,211,82,1998,1465,Low
Nyagatare,136703,13,2510,245,204,74,1998,2931,Medium
Rwamagana,130728,10,1255,131,236,98,1998,884,Low
Gicumbi,191423,2,4533,209,608,27,1998,4851,High
Nyanza,96295,12,226,49,520,75,1998,1045,Low
Karongi,147557,12,2662,79,685,47,1998,2905,Medium
Bugesera,357864,11,2705,117,195,58,1998,2868,Medium
Nyamasheke,329767,13,1842,109,614,61,1998,2092,Medium
Gisagara,116571,13,4614,152,541,68,1998,4595,High
Muhanga,295237,4,2773,33,197,13,1998,2985,Medium
Ngoma,303691,13,816,103,345,37,1998,357,Low
Kayonza,171099,8,2985,166,536,29,1998,3737,Medium
Kirehe,181129,5,2220,278,575,48,1998,2585,Medium
Rutsiro,235114,10,3866,153,492,94,1998,4182,High
Burera,87718,4,1956,231,279,45,1998,1467,Medium
Ngororero,266945,6,1002,141,96,68,1998,1162,Low
Kamonyi,102472,4,4901,224,670,89,1998,5110,High
Nyabihu,225630,8,2704,266,548,99,1998,2692,Medium
Gakenke,262291,6,2395,105,620,70,1998,2934,Medium
Nyaruguru,182802,10,3552,151,390,6,1998,3386,High
Rulindo,265517,8,3926,168,699,44,1998,4113,High
Gasabo,219286,3,2638,220,176,80,1998,3072,Medium
Kicukiro,185920,5,1510,49,670,85,1998,1624,Medium
Nyarugenge,228454,10,1133,135,564,4,1998,1252,Low
Ruhango,126430,13,565,48,327,71,1998,869,Low
Gisagara2,208771,3,1770,272,352,82,1998,1308,Medium
Kigali,140755,2,3091,26,322,40,1999,3312,Medium
Huye,156552,13,3508,168,209,46,1999,3901,High
Musanze,147081,11,3585,270,196,13,1999,3498,High
Rubavu,295413,7,1113,199,274,48,1999,2052,Low
Rusizi,227774,14,2609,221,322,76,1999,2922,Medium
Nyagatare,139437,13,2084,297,93,69,1999,2280,Medium
Rwamagana,133342,10,546,95,167,94,1999,971,Low
Gicumbi,195251,2,4434,239,634,27,1999,3936,High
Nyanza,98221,12,986,27,525,82,1999,809,Low
Karongi,150508,12,2797,105,609,56,1999,3001,Medium
Bugesera,365021,11,2403,142,170,58,1999,2719,Medium
Nyamasheke,336362,13,2997,175,741,72,1999,2683,Medium
Gisagara,118902,13,5271,130,631,61,1999,5577,High
Muhanga,301142,4,4036,70,49,15,1999,4621,High
Ngoma,309764,13,2389,184,369,33,1999,2452,Medium
Kayonza,174521,8,3732,186,573,46,1999,4565,High
Kirehe,184751,5,2997,308,503,44,1999,3321,Medium
Rutsiro,239816,10,3560,175,394,88,1999,3113,High
Burera,89473,4,2070,301,382,37,1999,2692,Medium
Ngororero,272284,6,704,122,136,70,1999,622,Low
Kamonyi,104521,4,4486,219,614,90,1999,4201,High
Nyabihu,230143,8,1483,273,472,102,1999,2095,Low
Gakenke,267537,6,823,147,715,65,1999,1613,Low
Nyaruguru,186458,10,4482,190,306,8,1999,5200,High
Rulindo,270828,8,4218,259,638,35,1999,4238,High
Gasabo,223672,3,2261,201,119,65,1999,3179,Medium
Kicukiro,189638,5,1470,129,607,90,1999,1007,Low
Nyarugenge,233023,10,164,126,581,19,1999,117,Low
Ruhango,128958,13,414,63,405,81,1999,709,Low
Gisagara2,212947,3,2564,309,250,88,1999,3127,Medium
Kigali,143571,3,2865,118,291,46,2000,3062,Medium
Huye,159683,14,3670,208,79,36,2000,3209,High
Musanze,150022,12,3994,292,59,17,2000,3709,High
Rubavu,301322,8,2033,266,301,31,2000,2103,Medium
Rusizi,232330,15,2572,170,368,82,2000,2434,Medium
Nyagatare,142226,14,2612,324,212,67,2000,2467,Medium
Rwamagana,136009,11,465,66,212,91,2000,97,Low
Gicumbi,199156,3,5284,200,559,45,2000,5838,High
Nyanza,100186,13,68,55,543,75,2000,1028,Low
Karongi,153518,13,4345,82,731,58,2000,4200,High
Bugesera,372321,12,2736,141,174,55,2000,2530,Medium
Nyamasheke,343089,14,3070,183,558,74,2000,3706,Medium
Gisagara,121281,14,4699,86,564,57,2000,4898,High
Muhanga,307165,5,3020,95,112,7,2000,3527,Medium
Ngoma,315960,14,1870,169,374,33,2000,1955,Medium
Kayonza,178012,9,4217,223,564,41,2000,4962,High
Kirehe,188446,6,2149,327,418,46,2000,2564,Medium
Rutsiro,244613,11,5230,234,459,99,2000,5253,High
Burera,91262,5,1917,231,343,29,2000,1438,Medium
Ngororero,277730,7,134,143,63,74,2000,337,Low
Kamonyi,106612,5,4483,166,716,76,2000,4930,High
Nyabihu,234746,9,1861,317,466,98,2000,2417,Medium
Gakenke,272887,7,2164,158,733,79,2000,2122,Medium
Nyaruguru,190188,11,3411,221,265,1,2000,4364,Medium
Rulindo,276244,9,4035,190,566,42,2000,4657,High
Gasabo,228145,4,1171,200,109,71,2000,1554,Low
Kicukiro,193431,6,2339,33,658,89,2000,2946,Medium
Nyarugenge,237684,11,882,196,432,4,2000,1230,Low
Ruhango,131537,14,1783,59,321,83,2000,2151,Medium
Gisagara2,217205,4,2554,316,175,89,2000,3530,Medium
Kigali,146442,2,2951,23,287,33,2001,3636,Medium
Huye,162876,13,4304,187,103,51,2001,4596,High
Musanze,153023,11,2903,227,44,26,2001,2894,Medium
Rubavu,307348,7,1070,213,205,44,2001,1554,Low
Rusizi,236976,14,2658,215,252,77,2001,2748,Medium
Nyagatare,145070,13,3106,281,81,77,2001,2804,Medium
Rwamagana,138729,10,661,132,238,96,2001,853,Low
Gicumbi,203139,2,5073,215,623,29,2001,5488,High
Nyanza,102190,12,1115,28,558,78,2001,1069,Low
Karongi,156589,12,3948,127,581,46,2001,4464,High
Bugesera,379768,11,2410,126,214,45,2001,3277,Medium
Nyamasheke,349951,13,1668,98,609,73,2001,1888,Medium
Gisagara,123706,13,3514,90,478,73,2001,4403,High
Muhanga,313308,4,4091,102,169,15,2001,4915,High
Ngoma,322279,13,1249,119,318,35,2001,2164,Low
Kayonza,181572,8,3739,213,680,35,2001,3639,High
Kirehe,192215,5,2700,280,556,57,2001,2791,Medium
Rutsiro,249505,10,4676,220,483,102,2001,4848,High
Burera,93087,4,1713,254,365,46,2001,1214,Medium
Ngororero,283284,6,-115,94,171,61,2001,-27,Low
Kamonyi,108744,4,3912,163,702,80,2001,3605,High
Nyabihu,239441,8,2670,331,633,105,2001,2312,Medium
Gakenke,278345,6,1488,123,622,68,2001,1304,Low
Nyaruguru,193991,10,4828,140,248,5,2001,5424,High
Rulindo,281769,8,4680,256,722,34,2001,5573,High
Gasabo,232708,3,1490,169,166,78,2001,2331,Low
Kicukiro,197300,5,1623,93,594,82,2001,1581,Medium
Nyarugenge,242437,10,944,201,537,7,2001,1781,Low
Ruhango,134168,13,399,29,356,71,2001,1049,Low
Gisagara2,221550,3,1384,292,275,84,2001,1854,Low
Kigali,149371,2,2518,34,316,39,2002,2926,Medium
Huye,166134,13,3884,197,161,53,2002,4133,High
Musanze,156083,11,3491,260,162,30,2002,3904,Medium
Rubavu,313495,7,2609,208,170,39,2002,3191,Medium
Rusizi,241716,14,2644,150,234,84,2002,2496,Medium
Nyagatare,147972,13,2958,311,80,77,2002,3262,Medium
Rwamagana,141504,10,790,131,154,104,2002,1245,Low
Gicumbi,207202,2,3665,205,678,45,2002,3772,High
Nyanza,104233,12,1174,49,522,66,2002,1251,Low
Karongi,159720,12,2986,77,736,46,2002,2780,Medium
Bugesera,387363,11,3416,121,222,55,2002,4176,Medium
Nyamasheke,356950,13,1614,127,566,75,2002,1980,Medium
Gisagara,126180,13,4236,77,560,71,2002,4213,High
Muhanga,319574,4,4195,49,175,18,2002,4028,High
Ngoma,328724,13,522,123,285,32,2002,1026,Low
Kayonza,185203,8,3513,189,561,41,2002,3026,High
Kirehe,196060,5,2616,323,480,44,2002,2953,Medium
Rutsiro,254495,10,4511,223,419,84,2002,5197,High
Burera,94949,4,2252,219,398,36,2002,2211,Medium
Ngororero,288950,6,1636,97,58,75,2002,1422,Medium
Kamonyi,110919,4,5215,147,747,87,2002,5306,High
Nyabihu,244230,8,3474,334,469,99,2002,3835,Medium
Gakenke,283912,6,1879,80,706,80,2002,2350,Medium
Nyaruguru,197871,10,3354,191,303,19,2002,4161,Medium
Rulindo,287405,8,4442,198,737,30,2002,5169,High
Gasabo,237363,3,939,210,214,72,2002,594,Low
Kicukiro,201246,5,1906,110,617,87,2002,2680,Medium
Nyarugenge,247286,10,793,141,519,15,2002,1261,Low
Ruhango,136852,13,888,40,249,69,2002,506,Low
Gisagara2,225981,3,1634,302,228,75,2002,2318,Medium
Kigali,152358,2,2549,73,241,37,2003,2324,Medium
Huye,169457,13,3016,240,82,36,2003,2732,Medium
Musanze,159205,11,3441,244,211,18,2003,4187,Medium
Rubavu,319765,7,2070,229,311,42,2003,2887,Medium
Rusizi,246550,14,2853,145,327,82,2003,2660,Medium
Nyagatare,150931,13,3415,285,155,65,2003,4279,Medium
Rwamagana,144334,10,403,47,203,90,2003,419,Low
Gicumbi,211346,2,5032,241,676,28,2003,5748,High
Nyanza,106318,12,-156,103,576,74,2003,781,Low
Karongi,162915,12,2765,125,717,48,2003,2567,Medium
Bugesera,395110,11,2198,139,169,57,2003,2498,Medium
Nyamasheke,364089,13,2109,106,576,76,2003,2685,Medium
Gisagara,128704,13,4770,138,565,57,2003,5279,High
Muhanga,325966,4,3276,77,66,13,2003,3960,Medium
Ngoma,335299,13,2225,175,392,39,2003,2309,Medium
Kayonza,188907,8,4741,204,660,35,2003,5211,High
Kirehe,199981,5,3460,332,521,48,2003,3453,Medium
Rutsiro,259585,10,5010,153,589,84,2003,4906,High
Burera,96848,4,2000,237,288,41,2003,2854,Medium
Ngororero,294729,6,1325,149,67,67,2003,1549,Low
Kamonyi,113137,4,5475,202,628,80,2003,5117,High
Nyabihu,249114,8,2397,260,519,88,2003,2201,Medium
Gakenke,289590,6,1230,114,745,66,2003,2020,Low
Nyaruguru,201829,10,3708,206,349,13,2003,4049,High
Rulindo,293153,8,4259,207,571,28,2003,3843,High
Gasabo,242110,3,2592,233,142,62,2003,2545,Medium
Kicukiro,205270,5,2463,124,637,87,2003,3119,Medium
Nyarugenge,252232,10,140,158,449,5,2003,422,Low
Ruhango,139589,13,420,51,316,74,2003,417,Low
Gisagara2,230500,3,939,275,190,81,2003,1453,Low
Kigali,155405,2,1876,69,346,42,2004,2168,Medium
Huye,172846,13,4151,227,90,49,2004,3974,High
Musanze,162389,11,2900,228,45,13,2004,3757,Medium
Rubavu,326160,7,2779,254,250,50,2004,2772,Medium
Rusizi,251481,14,2540,151,355,72,2004,3207,Medium
Nyagatare,153950,13,2161,271,189,75,2004,1662,Medium
Rwamagana,147221,10,2243,116,178,95,2004,3029,Medium
Gicumbi,215573,2,4888,229,540,39,2004,4546,High
Nyanza,108444,12,1140,76,461,81,2004,1084,Low
Karongi,166173,12,2949,99,608,60,2004,3924,Medium
Bugesera,403013,11,3364,70,151,44,2004,4059,Medium
Nyamasheke,371371,13,2484,132,651,75,2004,2874,Medium
Gisagara,131278,13,3583,91,578,64,2004,4132,High
Muhanga,332485,4,3093,22,13,14,2004,3176,Medium
Ngoma,342005,13,672,166,265,31,2004,221,Low
Kayonza,192685,8,3624,146,601,33,2004,4349,High
Kirehe,203980,5,2969,252,543,46,2004,3461,Medium
Rutsiro,264777,10,4805,203,566,99,2004,4787,High
Burera,98785,4,2131,312,366,45,2004,2292,Medium
Ngororero,300623,6,1116,98,156,63,2004,1603,Low
Kamonyi,115400,4,5275,169,563,83,2004,5743,High
Nyabihu,254096,8,2070,318,644,89,2004,2913,Medium
Gakenke,295382,6,2321,86,658,78,2004,3218,Medium
Nyaruguru,205865,10,3478,173,408,16,2004,3436,Medium
Rulindo,299016,8,4296,185,750,39,2004,5037,High
Gasabo,246952,3,1900,203,126,67,2004,2020,Medium
Kicukiro,209376,5,1521,67,580,79,2004,1093,Medium
Nyarugenge,257277,10,484,218,528,7,2004,408,Low
Ruhango,142380,13,1376,71,242,85,2004,1703,Low
Gisagara2,235110,3,2241,292,174,82,2004,1900,Medium
Kigali,158514,3,1689,30,429,45,2005,1255,Medium
Huye,176303,14,3337,196,164,37,2005,3178,Medium
Musanze,165637,12,3973,217,198,13,2005,4086,High
Rubavu,332684,8,2095,221,231,50,2005,2882,Medium
Rusizi,256511,15,1639,166,385,73,2005,1591,Medium
Nyagatare,157029,14,3924,328,62,72,2005,4440,High
Rwamagana,150165,11,585,119,152,100,2005,1120,Low
Gicumbi,219884,3,4170,171,641,34,2005,4649,High
Nyanza,110613,13,48,29,435,77,2005,850,Low
Karongi,169497,13,2999,48,676,52,2005,2819,Medium
Bugesera,411073,12,3111,93,246,63,2005,3016,Medium
Nyamasheke,378798,14,2062,159,577,61,2005,2574,Medium
Gisagara,133904,14,4226,145,498,75,2005,4463,High
Muhanga,339135,5,3081,21,39,5,2005,2694,Medium
Ngoma,348845,14,1269,152,321,28,2005,1529,Low
Kayonza,196539,9,3929,192,576,29,2005,4632,High
Kirehe,208060,6,3838,257,550,46,2005,4827,High
Rutsiro,270072,11,3653,140,554,93,2005,3295,High
Burera,100761,5,1341,274,306,48,2005,1330,Low
Ngororero,306636,7,-328,110,55,66,2005,-235,Low
Kamonyi,117708,5,5249,172,710,83,2005,6234,High
Nyabihu,259178,9,1614,308,539,94,2005,2061,Medium
Gakenke,301290,7,2044,152,716,63,2005,2121,Medium
Nyaruguru,209983,11,3700,136,402,17,2005,4429,High
Rulindo,304996,9,5109,243,572,27,2005,5401,High
Gasabo,251891,4,1027,215,127,64,2005,621,Low
Kicukiro,213563,6,2321,96,593,91,2005,2642,Medium
Nyarugenge,262422,11,74,173,536,4,2005,475,Low
Ruhango,145228,14,1426,16,346,70,2005,2341,Low
Gisagara2,239812,4,1492,330,365,85,2005,2188,Low
Kigali,161684,2,3520,34,261,40,2006,3562,High
Huye,179829,13,3169,172,185,40,2006,3340,Medium
Musanze,168949,11,3996,258,156,30,2006,3782,High
Rubavu,339337,7,1873,191,295,40,2006,1717,Medium
Rusizi,261641,14,1619,133,377,84,2006,1575,Medium
Nyagatare,160169,13,3038,318,168,60,2006,2686,Medium
Rwamagana,153168,10,1627,67,236,98,2006,2009,Medium
Gicumbi,224282,2,3776,235,645,27,2006,4559,High
Nyanza,112826,12,1329,53,422,69,2006,2211,Low
Karongi,172887,12,4055,95,624,44,2006,3678,High
Bugesera,419294,11,1876,113,160,48,2006,2143,Medium
Nyamasheke,386374,13,1567,94,700,74,2006,1521,Medium
Gisagara,136582,13,5207,155,593,57,2006,5111,High
Muhanga,345917,4,2818,86,152,14,2006,3812,Medium
Ngoma,355822,13,2370,125,349,27,2006,2906,Medium
Kayonza,200470,8,3173,217,682,44,2006,2845,Medium
Kirehe,212221,5,2784,270,584,53,2006,2986,Medium
Rutsiro,275474,10,5283,186,574,86,2006,5328,High
Burera,102776,4,2587,296,385,34,2006,2640,Medium
Ngororero,312769,6,-319,103,154,77,2006,-715,Low
Kamonyi,120062,4,3988,154,672,82,2006,3912,High
Nyabihu,264362,8,1609,243,519,103,2006,1137,Medium
Gakenke,307315,6,1615,89,631,68,2006,1903,Medium
Nyaruguru,214182,10,4149,209,273,7,2006,4374,High
Rulindo,311096,8,3497,210,641,42,2006,3952,Medium
Gasabo,256929,3,2653,249,267,79,2006,2733,Medium
Kicukiro,217835,5,1955,75,676,80,2006,2486,Medium
Nyarugenge,267671,10,681,193,492,12,2006,1589,Low
Ruhango,148133,13,2022,54,381,71,2006,2185,Medium
Gisagara2,244609,3,1616,237,317,78,2006,1481,Medium
Kigali,164918,2,2792,33,409,42,2007,3526,Medium
Huye,183425,13,3738,180,90,45,2007,3679,High
Musanze,172328,11,3396,220,120,19,2007,4239,Medium
Rubavu,346124,7,1000,224,244,46,2007,1743,Low
Rusizi,266874,14,2338,217,335,77,2007,2758,Medium
Nyagatare,163373,13,2384,301,209,60,2007,3289,Medium
Rwamagana,156232,10,1110,117,151,93,2007,826,Low
Gicumbi,228768,2,3891,217,615,36,2007,3539,High
Nyanza,115082,12,1233,25,496,72,2007,1502,Low
Karongi,176344,12,3025,56,753,56,2007,3836,Medium
Bugesera,427680,11,2766,161,108,53,2007,3048,Medium
Nyamasheke,394102,13,1357,127,691,69,2007,1344,Low
Gisagara,139313,13,5293,147,584,73,2007,5582,High
Muhanga,352836,4,2986,91,175,23,2007,3171,Medium
Ngoma,362938,13,633,107,338,33,2007,629,Low
Kayonza,204479,8,3740,174,519,39,2007,4261,High
Kirehe,216466,5,2773,242,442,50,2007,2510,Medium
Rutsiro,280983,10,3989,157,477,93,2007,4857,High
Burera,104831,4,1533,306,234,41,2007,2522,Medium
Ngororero,319024,6,430,90,193,78,2007,1416,Low
Kamonyi,122463,4,5227,225,596,86,2007,5004,High
Nyabihu,269649,8,3187,278,648,88,2007,3382,Medium
Gakenke,313462,6,1009,142,691,79,2007,531,Low
Nyaruguru,218466,10,3254,164,278,11,2007,4144,Medium
Rulindo,317318,8,4602,169,668,41,2007,4230,High
Gasabo,262067,3,2674,166,97,61,2007,3301,Medium
Kicukiro,222191,5,2022,127,547,85,2007,1994,Medium
Nyarugenge,273024,10,870,142,533,15,2007,600,Low
Ruhango,151095,13,2132,30,295,77,2007,1743,Medium
Gisagara2,249501,3,1612,241,333,80,2007,1713,Medium
Kigali,168216,2,1854,76,241,44,2008,2391,Medium
Huye,187094,13,3980,186,220,54,2008,4066,High
Musanze,175775,11,4047,310,96,30,2008,4671,High
Rubavu,353046,7,1560,190,244,34,2008,2103,Medium
Rusizi,272212,14,2907,146,353,74,2008,3899,Medium
Nyagatare,166640,13,2877,256,69,71,2008,2564,Medium
Rwamagana,159356,10,1355,84,66,101,2008,1997,Low
Gicumbi,233343,2,4096,159,515,29,2008,3931,High
Nyanza,117384,12,231,68,537,66,2008,324,Low
Karongi,179871,12,4590,74,760,59,2008,5432,High
Bugesera,436234,11,3356,146,247,56,2008,3955,Medium
Nyamasheke,401984,13,1626,145,662,64,2008,1144,Medium
Gisagara,142100,13,3874,114,554,72,2008,4580,High
Muhanga,359892,4,3053,25,66,24,2008,3689,Medium
Ngoma,370197,13,1283,178,263,37,2008,1802,Low
Kayonza,208569,8,4102,172,662,43,2008,3799,High
Kirehe,220795,5,3396,254,443,57,2008,2973,Medium
Rutsiro,286603,10,3466,209,494,91,2008,3567,Medium
Burera,106928,4,2423,283,266,38,2008,1972,Medium
Ngororero,325405,6,1455,138,120,77,2008,1208,Low
Kamonyi,124912,4,5450,207,633,86,2008,5512,High
Nyabihu,275042,8,2237,260,629,90,2008,3062,Medium
Gakenke,319731,6,1416,148,666,65,2008,964,Low
Nyaruguru,222835,10,3758,208,431,4,2008,3613,High
Rulindo,323664,8,4903,251,566,32,2008,5721,High
Gasabo,267309,3,1784,196,223,64,2008,2092,Medium
Kicukiro,226635,5,1721,77,543,87,2008,1408,Medium
Nyarugenge,278484,10,1429,152,489,5,2008,1653,Low
Ruhango,154117,13,1303,27,337,78,2008,1216,Low
Gisagara2,254491,3,1941,324,304,73,2008,2684,Medium
Kigali,171580,2,1810,32,309,43,2009,2515,Medium
Huye,190836,13,3965,241,109,46,2009,4305,High
Musanze,179290,11,3948,315,210,22,2009,4043,High
Rubavu,360107,7,2736,243,154,34,2009,2925,Medium
Rusizi,277656,14,2930,213,206,75,2009,3068,Medium
Nyagatare,169973,13,3478,317,191,68,2009,4149,Medium
Rwamagana,162544,10,1770,54,222,91,2009,2719,Medium
Gicumbi,238010,2,5203,169,558,31,2009,5016,High
Nyanza,119731,12,-446,95,474,67,2009,37,Low
Karongi,183469,12,2956,62,687,52,2009,2900,Medium
Bugesera,444959,11,1879,96,275,47,2009,2273,Medium
Nyamasheke,410024,13,1574,158,631,61,2009,1666,Medium
Gisagara,144942,13,5130,130,521,57,2009,4657,High
Muhanga,367090,4,3526,50,172,11,2009,3202,High
Ngoma,377601,13,1049,184,414,40,2009,746,Low
Kayonza,212740,8,3570,192,575,31,2009,3091,High
Kirehe,225211,5,3248,291,462,52,2009,2845,Medium
Rutsiro,292335,10,4510,185,516,89,2009,5119,High
Burera,109067,4,1587,302,373,34,2009,1657,Medium
Ngororero,331913,6,1334,160,205,79,2009,1394,Low
Kamonyi,127411,4,4756,169,687,93,2009,5433,High
Nyabihu,280543,8,1863,309,569,107,2009,1576,Medium
Gakenke,326126,6,2173,164,652,80,2009,2276,Medium
Nyaruguru,227292,10,3623,161,364,8,2009,3802,High
Rulindo,330138,8,3355,189,588,42,2009,3301,Medium
Gasabo,272655,3,840,186,225,68,2009,1407,Low
Kicukiro,231168,5,1636,73,489,82,2009,2595,Medium
Nyarugenge,284054,10,1651,210,528,19,2009,2601,Medium
Ruhango,157200,13,2316,72,280,79,2009,2319,Medium
Gisagara2,259581,3,843,306,177,79,2009,506,Low
Kigali,175012,3,2025,107,301,36,2010,2083,Medium
Huye,194652,14,4258,200,143,52,2010,4311,High
Musanze,182876,12,2939,299,224,23,2010,2824,Medium
Rubavu,367310,8,1637,266,264,43,2010,1395,Medium
Rusizi,283209,15,1260,162,360,70,2010,1774,Low
Nyagatare,173373,14,3079,243,132,73,2010,3191,Medium
Rwamagana,165794,11,534,133,244,98,2010,577,Low
Gicumbi,242770,3,4162,167,640,40,2010,4701,High
Nyanza,122126,13,686,76,514,77,2010,1371,Low
Karongi,187138,13,3935,71,674,45,2010,3565,High
Bugesera,453858,12,1807,131,122,63,2010,2236,Medium
Nyamasheke,418224,14,2774,92,734,69,2010,3669,Medium
Gisagara,147840,14,4952,119,594,74,2010,5852,High
Muhanga,374432,5,3991,73,178,16,2010,3947,High
Ngoma,385153,14,1245,174,347,38,2010,1220,Low
Kayonza,216995,9,4782,217,522,27,2010,5262,High
Kirehe,229715,6,3811,286,430,51,2010,3617,High
Rutsiro,298182,11,4285,216,449,93,2010,4737,High
Burera,111248,5,1278,262,333,45,2010,1614,Low
Ngororero,338551,7,280,72,107,75,2010,710,Low
Kamonyi,129959,5,4085,221,677,89,2010,4674,High
Nyabihu,286154,9,1963,281,615,102,2010,1916,Medium
Gakenke,332648,7,695,99,697,61,2010,1162,Low
Nyaruguru,231838,11,4624,221,367,2,2010,4639,High
Rulindo,336740,9,3739,186,609,31,2010,3381,High
Gasabo,278108,4,1989,182,151,74,2010,1948,Medium
Kicukiro,235791,6,1940,70,620,78,2010,2284,Medium
Nyarugenge,289735,11,1067,203,520,2,2010,1212,Low
Ruhango,160344,14,1652,94,380,70,2010,2039,Medium
Gisagara2,264772,4,1133,270,311,74,2010,1133,Low
Kigali,178512,2,2380,84,264,46,2011,2475,Medium
Huye,198546,13,4228,177,207,48,2011,3881,High
Musanze,186534,11,2725,302,176,27,2011,2307,Medium
Rubavu,374656,7,2508,237,264,40,2011,3306,Medium
Rusizi,288873,14,2714,150,372,76,2011,3300,Medium
Nyagatare,176840,13,3152,254,206,77,2011,3049,Medium
Rwamagana,169110,10,1418,77,227,88,2011,1853,Low
Gicumbi,247626,2,3978,185,510,27,2011,4877,High
Nyanza,124569,12,353,102,547,75,2011,673,Low
Karongi,190881,12,4414,102,650,49,2011,3981,High
Bugesera,462935,11,2442,71,99,52,2011,3092,Medium
Nyamasheke,426589,13,2363,142,561,77,2011,2294,Medium
Gisagara,150797,13,5136,81,495,66,2011,5129,High
Muhanga,381921,4,4158,92,152,9,2011,4985,High
Ngoma,392856,13,1820,153,388,27,2011,2332,Medium
Kayonza,221335,8,4185,188,638,30,2011,4743,High
Kirehe,234309,5,3089,332,461,50,2011,3913,Medium
Rutsiro,304145,10,3685,181,559,94,2011,3622,High
Burera,113473,4,2611,260,252,43,2011,2769,Medium
Ngororero,345322,6,-314,113,106,68,2011,-282,Low
Kamonyi,132558,4,5639,175,572,92,2011,5270,High
Nyabihu,291877,8,3327,312,551,91,2011,4256,Medium
Gakenke,339301,6,570,124,640,72,2011,263,Low
Nyaruguru,236475,10,4027,225,422,8,2011,4637,High
Rulindo,343475,8,5255,167,715,43,2011,5327,High
Gasabo,283670,3,1554,167,121,68,2011,2544,Medium
Kicukiro,240507,5,1919,96,668,88,2011,2171,Medium
Nyarugenge,295530,10,703,161,547,4,2011,1658,Low
Ruhango,163550,13,1126,87,285,85,2011,1278,Low
Gisagara2,270068,3,1276,281,215,87,2011,1989,Low
Kigali,182082,2,2700,65,377,28,2012,2801,Medium
Huye,202516,13,4154,237,216,44,2012,5040,High
Musanze,190265,11,3957,224,114,16,2012,4273,High
Rubavu,382149,7,1415,203,221,49,2012,1097,Low
Rusizi,294651,14,2042,161,340,80,2012,2448,Medium
Nyagatare,180377,13,3412,281,76,58,2012,4103,Medium
Rwamagana,172492,10,1918,58,122,92,2012,1873,Medium
Gicumbi,252578,2,4470,167,690,42,2012,5294,High
Nyanza,127060,12,135,105,602,72,2012,811,Low
Karongi,194699,12,3510,89,659,53,2012,3440,High
Bugesera,472194,11,2181,112,272,63,2012,2530,Medium
Nyamasheke,435120,13,2766,153,613,61,2012,2904,Medium
Gisagara,153813,13,3862,151,607,70,2012,3773,High
Muhanga,389559,4,3508,91,116,5,2012,3339,High
Ngoma,400713,13,1922,101,257,33,2012,2380,Medium
Kayonza,225762,8,4781,201,695,45,2012,5570,High
Kirehe,238996,5,3022,316,447,51,2012,3922,Medium
Rutsiro,310228,10,4917,162,394,102,2012,4870,High
Burera,115742,4,1666,216,298,34,2012,1552,Medium
Ngororero,352228,6,1596,155,53,62,2012,2200,Medium
Kamonyi,135209,4,5757,149,715,84,2012,6591,High
Nyabihu,297715,8,3317,320,560,104,2012,3967,Medium
Gakenke,346087,6,717,104,596,66,2012,493,Low
Nyaruguru,241204,10,4303,152,403,2,2012,5255,High
Rulindo,350345,8,3672,234,743,31,2012,4225,High
Gasabo,289344,3,1986,259,126,63,2012,1680,Medium
Kicukiro,245317,5,1695,75,562,84,2012,2281,Medium
Nyarugenge,301441,10,-141,196,453,5,2012,762,Low
Ruhango,166821,13,2330,27,396,70,2012,2269,Medium
Gisagara2,275469,3,2267,269,176,74,2012,2187,Medium
Kigali,185724,2,3132,87,422,42,2013,3803,Medium
Huye,206567,13,4134,181,227,52,2013,5076,High
Musanze,194070,11,3562,310,152,22,2013,3878,High
Rubavu,389792,7,1743,224,197,35,2013,2658,Medium
Rusizi,300544,14,1907,170,315,81,2013,2239,Medium
Nyagatare,183984,13,3110,239,144,70,2013,4067,Medium
Rwamagana,175942,10,1111,69,166,87,2013,685,Low
Gicumbi,257630,2,4070,159,655,40,2013,3932,High
Nyanza,129601,12,-19,104,456,82,2013,-258,Low
Karongi,198592,12,4502,58,602,50,2013,4486,High
Bugesera,481638,11,1576,100,267,48,2013,2134,Medium
Nyamasheke,443823,13,2195,93,741,78,2013,1895,Medium
Gisagara,156889,13,3811,98,537,70,2013,3948,High
Muhanga,397350,4,4096,24,112,20,2013,4897,High
Ngoma,408728,13,588,155,381,35,2013,392,Low
Kayonza,230277,8,4893,161,610,45,2013,5291,High
Kirehe,243776,5,3690,332,556,55,2013,3951,High
Rutsiro,316433,10,4863,219,565,94,2013,4662,High
Burera,118057,4,1138,282,334,31,2013,1546,Low
Ngororero,359273,6,795,159,152,64,2013,729,Low
Kamonyi,137914,4,4305,154,651,91,2013,3908,High
Nyabihu,303669,8,2718,265,478,92,2013,3216,Medium
Gakenke,353009,6,2371,87,601,65,2013,2527,Medium
Nyaruguru,246028,10,3454,170,357,18,2013,3017,Medium
Rulindo,357352,8,4412,259,573,38,2013,5075,High
Gasabo,295131,3,1020,182,233,67,2013,995,Low
Kicukiro,250224,5,2056,112,667,95,2013,2113,Medium
Nyarugenge,307469,10,854,133,475,18,2013,1236,Low
Ruhango,170158,13,524,29,277,80,2013,843,Low
Gisagara2,280979,3,1439,302,352,74,2013,2064,Low
Kigali,189439,2,3151,55,419,42,2014,3365,Medium
Huye,210698,13,3027,233,218,48,2014,2608,Medium
Musanze,197951,11,2715,266,201,26,2014,2986,Medium
Rubavu,397588,7,1765,221,181,39,2014,1380,Medium
Rusizi,306554,14,1918,203,280,86,2014,2154,Medium
Nyagatare,187664,13,3943,307,178,63,2014,4789,High
Rwamagana,179461,10,717,108,59,99,2014,503,Low
Gicumbi,262782,2,4233,251,523,37,2014,4638,High
Nyanza,132193,12,1367,77,531,80,2014,2094,Low
Karongi,202564,12,2845,84,724,43,2014,3040,Medium
Bugesera,491270,11,2764,120,144,46,2014,2282,Medium
Nyamasheke,452699,13,2478,95,571,77,2014,3328,Medium
Gisagara,160027,13,3984,76,527,56,2014,4799,High
Muhanga,405297,4,2597,44,4,19,2014,2237,Medium
Ngoma,416902,13,2288,94,349,35,2014,2938,Medium
Kayonza,234883,8,3217,163,536,28,2014,3419,Medium
Kirehe,248651,5,3240,257,405,44,2014,3681,Medium
Rutsiro,322761,10,5340,138,549,88,2014,5938,High
Burera,120418,4,2378,286,208,42,2014,2065,Medium
Ngororero,366458,6,1657,106,47,73,2014,1239,Medium
Kamonyi,140672,4,4943,153,618,81,2014,4817,High
Nyabihu,309742,8,1642,257,561,89,2014,1591,Medium
Gakenke,360069,6,1992,92,757,75,2014,1999,Medium
Nyaruguru,250949,10,4155,173,434,7,2014,4893,High
Rulindo,364499,8,4271,216,589,32,2014,4091,High
Gasabo,301033,3,1687,191,275,73,2014,2613,Medium
Kicukiro,255228,5,1592,50,540,92,2014,1274,Medium
Nyarugenge,313619,10,883,153,595,11,2014,1416,Low
Ruhango,173561,13,1885,75,283,88,2014,2044,Medium
Gisagara2,286598,3,735,246,347,84,2014,1246,Low
Kigali,193227,3,1593,46,308,31,2015,2321,Medium
Huye,214912,14,3406,239,47,52,2015,3941,Medium
Musanze,201910,12,3766,246,60,29,2015,3619,High
Rubavu,405540,8,2525,261,238,42,2015,3489,Medium
Rusizi,312686,15,1968,215,353,87,2015,2587,Medium
Nyagatare,191417,14,3805,273,118,75,2015,3694,High
Rwamagana,183050,11,599,83,167,95,2015,731,Low
Gicumbi,268038,3,4090,174,638,28,2015,4017,High
Nyanza,134837,13,1009,113,487,79,2015,1327,Low
Karongi,206616,13,2792,126,749,46,2015,2915,Medium
Bugesera,501096,12,3046,139,276,48,2015,2946,Medium
Nyamasheke,461753,14,2806,174,702,61,2015,2937,Medium
Gisagara,163228,14,4393,79,635,66,2015,4929,High
Muhanga,413403,5,3697,40,27,16,2015,3719,High
Ngoma,425240,14,2329,154,391,35,2015,2361,Medium
Kayonza,239580,9,4836,210,641,31,2015,5145,High
Kirehe,253624,6,3025,282,499,51,2015,3903,Medium
Rutsiro,329217,11,4669,152,496,89,2015,5205,High
Burera,122827,5,1209,227,305,30,2015,1357,Low
Ngororero,373788,7,-11,99,67,61,2015,612,Low
Kamonyi,143485,5,4417,224,725,86,2015,4078,High
Nyabihu,315937,9,3409,329,467,94,2015,3182,Medium
Gakenke,367271,7,1521,107,643,72,2015,1960,Medium
Nyaruguru,255968,11,4014,162,293,0,2015,3869,High
Rulindo,371789,9,4854,260,575,42,2015,4471,High
Gasabo,307054,4,828,171,147,72,2015,380,Low
Kicukiro,260333,6,2125,77,496,80,2015,2750,Medium
Nyarugenge,319891,11,1652,123,486,5,2015,1549,Medium
Ruhango,177032,14,1539,38,382,71,2015,1149,Medium
Gisagara2,292330,4,1189,249,181,90,2015,1229,Low
Kigali,197092,2,1711,47,351,33,2016,1329,Medium
Huye,219210,13,3503,168,214,51,2016,3106,High
Musanze,205948,11,3739,273,53,21,2016,3413,High
Rubavu,413650,7,2620,220,298,36,2016,3534,Medium
Rusizi,318939,14,2737,147,232,76,2016,2992,Medium
Nyagatare,195246,13,3904,247,47,73,2016,3958,High
Rwamagana,186711,10,647,139,181,88,2016,769,Low
Gicumbi,273399,2,3820,228,661,37,2016,4095,High
Nyanza,137534,12,-242,100,605,77,2016,495,Low
Karongi,210748,12,3734,47,676,43,2016,3722,High
Bugesera,511118,11,1611,161,253,56,2016,2213,Medium
Nyamasheke,470988,13,2232,174,717,64,2016,2859,Medium
Gisagara,166492,13,3835,74,516,75,2016,3768,High
Muhanga,421671,4,3927,22,35,13,2016,4540,High
Ngoma,433745,13,2036,157,322,36,2016,2042,Medium
Kayonza,244372,8,4285,210,512,39,2016,4240,High
Kirehe,258697,5,3496,302,491,53,2016,3486,Medium
Rutsiro,335801,10,5199,183,566,102,2016,5824,High
Burera,125283,4,1215,268,393,43,2016,873,Low
Ngororero,381263,6,149,107,39,77,2016,-347,Low
Kamonyi,146355,4,5416,189,657,84,2016,5163,High
Nyabihu,322256,8,3070,274,637,93,2016,2584,Medium
Gakenke,374616,6,1230,140,695,74,2016,1182,Low
Nyaruguru,261087,10,4255,172,301,17,2016,4468,High
Rulindo,379225,8,3599,174,565,31,2016,4215,High
Gasabo,313195,3,1294,205,202,61,2016,1124,Low
Kicukiro,265539,5,848,81,494,87,2016,619,Low
Nyarugenge,326289,10,416,220,453,13,2016,1078,Low
Ruhango,180573,13,734,92,247,87,2016,544,Low
Gisagara2,298177,3,1445,314,323,76,2016,2228,Low
Kigali,201034,2,2160,51,288,29,2017,2956,Medium
Huye,223595,13,2942,195,119,36,2017,3371,Medium
Musanze,210067,11,3382,223,167,21,2017,2889,Medium
Rubavu,421923,7,1340,282,227,31,2017,2290,Low
Rusizi,325318,14,2040,203,386,89,2017,2293,Medium
Nyagatare,199151,13,3933,328,117,69,2017,3569,High
Rwamagana,190446,10,695,113,82,89,2017,1374,Low
Gicumbi,278867,2,5475,198,671,34,2017,5296,High
Nyanza,140285,12,1124,85,581,69,2017,1802,Low
Karongi,214963,12,3540,136,767,52,2017,4236,High
Bugesera,521340,11,1464,163,106,45,2017,1092,Low
Nyamasheke,480408,13,2780,176,638,67,2017,3259,Medium
Gisagara,169822,13,3846,163,623,58,2017,4728,High
Muhanga,430105,4,4199,97,20,22,2017,4383,High
Ngoma,442420,13,636,179,397,44,2017,459,Low
Kayonza,249259,8,3921,128,559,39,2017,4848,High
Kirehe,263871,5,3764,321,406,53,2017,4328,High
Rutsiro,342517,10,3447,139,513,83,2017,4371,Medium
Burera,127789,4,2301,312,374,32,2017,2509,Medium
Ngororero,388889,6,940,72,69,79,2017,1100,Low
Kamonyi,149282,4,3895,213,578,92,2017,3797,High
Nyabihu,328701,8,2613,301,658,102,2017,2439,Medium
Gakenke,382108,6,648,119,706,74,2017,279,Low
Nyaruguru,266309,10,3632,218,382,17,2017,3759,High
Rulindo,386809,8,4430,254,698,34,2017,5321,High
Gasabo,319459,3,1945,207,250,74,2017,1919,Medium
Kicukiro,270850,5,1351,46,648,76,2017,1557,Low
Nyarugenge,332815,10,1227,145,432,9,2017,915,Low
Ruhango,184184,13,1565,101,253,78,2017,2092,Medium
Gisagara2,304140,3,2434,266,354,87,2017,2404,Medium
Kigali,205054,2,2745,45,338,32,2018,3107,Medium
Huye,228066,13,2577,205,101,43,2018,2901,Medium
Musanze,214269,11,3644,275,80,17,2018,4524,High
Rubavu,430362,7,2711,196,301,37,2018,3319,Medium
Rusizi,331824,14,2318,206,202,88,2018,2159,Medium
Nyagatare,203134,13,3894,303,107,63,2018,3813,High
Rwamagana,194255,10,1025,80,243,97,2018,1891,Low
Gicumbi,284444,2,5363,205,531,31,2018,5399,High
Nyanza,143090,12,669,40,584,78,2018,1377,Low
Karongi,219262,12,4057,90,690,44,2018,4060,High
Bugesera,531767,11,2500,148,151,51,2018,2752,Medium
Nyamasheke,490016,13,1356,146,576,70,2018,2081,Low
Gisagara,173219,13,3474,128,622,64,2018,3950,Medium
Muhanga,438707,4,4247,103,13,21,2018,4182,High
Ngoma,451268,13,1655,111,339,31,2018,2280,Medium
Kayonza,254245,8,3713,192,692,45,2018,4317,High
Kirehe,269148,5,2601,322,590,50,2018,3220,Medium
Rutsiro,349367,10,4789,204,392,97,2018,4695,High
Burera,130345,4,2401,253,331,45,2018,3342,Medium
Ngororero,396666,6,423,102,86,73,2018,504,Low
Kamonyi,152268,4,4058,221,604,76,2018,4918,High
Nyabihu,335275,8,3079,290,535,103,2018,2753,Medium
Gakenke,389750,6,603,134,765,61,2018,1065,Low
Nyaruguru,271635,10,4339,149,339,3,2018,4207,High
Rulindo,394545,8,4148,204,678,28,2018,4135,High
Gasabo,325848,3,852,219,127,74,2018,1025,Low
Kicukiro,276267,5,1216,35,542,94,2018,1617,Low
Nyarugenge,339471,10,725,218,582,9,2018,563,Low
Ruhango,187868,13,570,72,256,84,2018,459,Low
Gisagara2,310223,3,1575,245,233,73,2018,1733,Medium
Kigali,209155,2,2256,102,352,38,2019,3237,Medium
Huye,232628,13,3436,172,134,38,2019,3363,Medium
Musanze,218554,11,3286,217,146,30,2019,3098,Medium
Rubavu,438969,7,1702,193,317,33,2019,2216,Medium
Rusizi,338461,14,1572,173,271,70,2019,1184,Medium
Nyagatare,207196,13,3091,288,106,62,2019,3897,Medium
Rwamagana,198140,10,414,56,180,85,2019,430,Low
Gicumbi,290133,2,4082,183,579,31,2019,3699,High
Nyanza,145952,12,421,72,438,82,2019,-61,Low
Karongi,223647,12,3377,112,695,42,2019,3435,Medium
Bugesera,542402,11,3157,131,130,56,2019,3764,Medium
Nyamasheke,499817,13,2802,94,624,74,2019,2516,Medium
Gisagara,176683,13,4869,123,608,73,2019,5199,High
Muhanga,447481,4,3286,64,139,14,2019,2802,Medium
Ngoma,460294,13,842,92,274,31,2019,1777,Low
Kayonza,259329,8,4302,168,698,44,2019,5299,High
Kirehe,274531,5,3604,275,573,59,2019,4331,High
Rutsiro,356355,10,4949,137,401,84,2019,5817,High
Burera,132952,4,2826,294,207,38,2019,2491,Medium
Ngororero,404600,6,-318,87,184,67,2019,-600,Low
Kamonyi,155313,4,4465,157,593,93,2019,5096,High
Nyabihu,341981,8,1883,325,570,89,2019,2820,Medium
Gakenke,397546,6,1827,113,723,63,2019,2484,Medium
Nyaruguru,277068,10,4584,161,249,8,2019,4564,High
Rulindo,402436,8,4673,209,632,34,2019,5639,High
Gasabo,332365,3,874,220,96,64,2019,1462,Low
Kicukiro,281793,5,1110,57,493,90,2019,1948,Low
Nyarugenge,346261,10,498,172,453,5,2019,607,Low
Ruhango,191625,13,791,28,257,69,2019,1171,Low
Gisagara2,316428,3,876,300,176,87,2019,1536,Low
Kigali,213339,3,2728,105,358,37,2020,3671,Medium
Huye,237280,14,3420,198,145,40,2020,3095,Medium
Musanze,222925,12,3301,232,100,29,2020,2854,Medium
Rubavu,447748,8,1552,221,218,45,2020,2346,Medium
Rusizi,345230,15,1621,215,322,78,2020,2035,Medium
Nyagatare,211340,14,3327,327,48,68,2020,3203,Medium
Rwamagana,202103,11,1339,81,224,104,2020,877,Low
Gicumbi,295936,3,3882,178,612,46,2020,4452,High
Nyanza,148871,13,557,76,515,69,2020,355,Low
Karongi,228120,13,3595,77,612,51,2020,3155,High
Bugesera,553250,12,2400,130,159,44,2020,2230,Medium
Nyamasheke,509813,14,2636,169,639,76,2020,3497,Medium
Gisagara,180217,14,5016,88,624,68,2020,5019,High
Muhanga,456431,5,4282,10,105,5,2020,4796,High
Ngoma,469500,14,2432,177,224,45,2020,2425,Medium
Kayonza,264516,9,3450,208,574,32,2020,3244,Medium
Kirehe,280022,6,3505,294,424,43,2020,3553,High
Rutsiro,363482,11,3991,216,447,84,2020,3935,High
Burera,135611,5,2593,274,373,32,2020,3368,Medium
Ngororero,412692,7,1303,98,92,78,2020,865,Low
Kamonyi,158419,5,5482,148,738,86,2020,5753,High
Nyabihu,348820,9,2718,248,520,98,2020,3039,Medium
Gakenke,405496,7,582,147,702,63,2020,1055,Low
Nyaruguru,282609,11,3775,135,341,5,2020,4639,High
Rulindo,410485,9,4305,190,695,42,2020,4518,High
Gasabo,339012,4,1634,182,293,63,2020,1754,Medium
Kicukiro,287428,6,818,115,566,78,2020,1281,Low
Nyarugenge,353186,11,-95,122,601,13,2020,872,Low
Ruhango,195458,14,660,59,252,88,2020,312,Low
Gisagara2,322756,4,2348,287,215,75,2020,2469,Medium
Kigali,217605,2,2741,80,268,43,2021,2337,Medium
Huye,242026,13,3204,237,100,43,2021,3733,Medium
Musanze,227384,11,3122,250,65,20,2021,3251,Medium
Rubavu,456703,7,1123,228,220,47,2021,698,Low
Rusizi,352135,14,1448,202,394,78,2021,2256,Low
Nyagatare,215567,13,3318,272,118,70,2021,3489,Medium
Rwamagana,206145,10,1856,62,91,101,2021,2626,Medium
Gicumbi,301854,2,5153,240,695,31,2021,5298,High
Nyanza,151849,12,153,31,499,65,2021,1090,Low
Karongi,232683,12,3372,75,742,59,2021,3845,Medium
Bugesera,564315,11,2088,73,212,47,2021,2261,Medium
Nyamasheke,520009,13,2821,115,556,74,2021,2567,Medium
Gisagara,183821,13,5025,88,578,70,2021,5930,High
Muhanga,465559,4,2984,31,75,15,2021,2620,Medium
Ngoma,478890,13,1719,119,406,27,2021,1237,Medium
Kayonza,269806,8,3155,201,669,41,2021,3656,Medium
Kirehe,285622,5,2561,263,574,44,2021,2201,Medium
Rutsiro,370751,10,4100,135,553,98,2021,3838,High
Burera,138323,4,1204,262,382,35,2021,1343,Low
Ngororero,420946,6,516,87,30,67,2021,1308,Low
Kamonyi,161588,4,5145,163,601,76,2021,5675,High
Nyabihu,355797,8,2818,290,562,88,2021,2846,Medium
Gakenke,413606,6,665,104,704,75,2021,705,Low
Nyaruguru,288261,10,4494,166,265,15,2021,4018,High
Rulindo,418695,8,5143,189,635,26,2021,5759,High
Gasabo,345793,3,1279,247,174,69,2021,1277,Low
Kicukiro,293177,5,1903,82,601,84,2021,2625,Medium
Nyarugenge,360250,10,554,150,488,20,2021,1015,Low
Ruhango,199367,13,2338,48,244,71,2021,1976,Medium
Gisagara2,329211,3,2292,278,199,78,2021,2449,Medium
Kigali,221958,2,1975,70,423,35,2022,2008,Medium
Huye,246867,13,2841,228,224,42,2022,2632,Medium
Musanze,231932,11,3470,307,142,28,2022,3654,Medium
Rubavu,465838,7,944,252,210,43,2022,778,Low
Rusizi,359178,14,1509,186,322,79,2022,1331,Medium
Nyagatare,219879,13,3930,238,213,71,2022,3469,High
Rwamagana,210268,10,333,94,108,88,2022,675,Low
Gicumbi,307892,2,4659,250,608,37,2022,5056,High
Nyanza,154886,12,619,62,542,66,2022,435,Low
Karongi,237337,12,4179,122,620,44,2022,4838,High
Bugesera,575602,11,2679,121,198,59,2022,3631,Medium
Nyamasheke,530410,13,2938,126,603,80,2022,3816,Medium
Gisagara,187498,13,3927,152,652,67,2022,3997,High
Muhanga,474871,4,3155,99,12,10,2022,3579,Medium
Ngoma,488468,13,1986,103,360,29,2022,2343,Medium
Kayonza,275203,8,3764,213,563,36,2022,4107,High
Kirehe,291335,5,3818,295,409,53,2022,3371,High
Rutsiro,378167,10,3870,142,495,90,2022,4630,High
Burera,141090,4,1954,216,299,40,2022,2103,Medium
Ngororero,429365,6,-40,72,93,77,2022,-27,Low
Kamonyi,164820,4,4998,149,667,91,2022,5839,High
Nyabihu,362913,8,2216,303,497,102,2022,1910,Medium
Gakenke,421879,6,1172,146,634,61,2022,1661,Low
Nyaruguru,294027,10,3526,230,395,13,2022,3948,High
Rulindo,427069,8,4165,168,584,35,2022,4663,High
Gasabo,352709,3,2235,240,226,66,2022,3098,Medium
Kicukiro,299041,5,2408,115,644,83,2022,2676,Medium
Nyarugenge,367455,10,1537,184,427,7,2022,1929,Medium
Ruhango,203355,13,782,99,392,83,2022,1109,Low
Gisagara2,335796,3,1719,278,347,86,2022,2120,Medium
